experiment,dataset,prefix,variant,walk_len,n,epochs,best_epoch,final_te_auc,final_te_auc_se,final_te_ap,final_te_ap_se,final_va_auc,final_va_auc_se,final_va_ap,final_va_ap_se,final_te_ap_lift,final_te_ap_lift_se,final_te_prec_r50,final_te_prec_r50_se,final_te_fp_day_r50,final_te_fp_day_r50_se,best_te_auc,best_te_auc_se,best_te_ap,best_te_ap_se,best_va_auc,best_va_auc_se,best_va_ap,best_va_ap_se,best_te_ap_lift,best_te_ap_lift_se,best_te_prec_r50,best_te_prec_r50_se,best_te_fp_day_r50,best_te_fp_day_r50_se
cls-static,optc-ts,cls_wl64_tiny,best,1,5/5,10,8.6,0.9663966914917541,0.0018970969534333275,0.3899046542447449,0.04685871028964194,0.996054027152266,9.154247006426879e-05,0.9973631450570922,5.4922013444695105e-05,nan,nan,nan,nan,nan,nan,0.9665304512929028,0.0017471174213159711,0.33773064747858006,0.04340625123908273,0.9960591043090343,9.153151298082724e-05,0.9973619404567412,5.5075144668371436e-05,nan,nan,nan,nan,nan,nan
cls-static,optc-ts,cls_wl64_tiny,best,2,5/5,10,9.8,0.9683757733957499,0.0026571984426902034,0.5723230989668336,0.07304428989721133,0.9960823188124562,0.00011387633064540711,0.9973754317608824,6.402211533313667e-05,nan,nan,nan,nan,nan,nan,0.9681653020072428,0.0026141364493557765,0.5739553373727728,0.07368743615445474,0.9960831065134597,0.00011341113814703052,0.9973756371413423,6.388573638592267e-05,nan,nan,nan,nan,nan,nan
cls-static,optc-ts,cls_wl64_tiny,best,4,5/5,10,9.0,0.9700627752731353,0.000979608671014365,0.38142017928112243,0.053033403013199844,0.9960188608896621,0.00010350240762717855,0.9973446559325639,6.0005477899157787e-05,nan,nan,nan,nan,nan,nan,0.9708276689161466,0.001271590787984442,0.3976190519822177,0.08345224311355853,0.9960303759089808,9.865820395119181e-05,0.9973490948557604,5.799169002160335e-05,nan,nan,nan,nan,nan,nan
cls-static,optc-ts,cls_wl64_tiny,best,8,5/5,10,9.6,0.9718862493571347,0.00023652064791632863,0.5548962577754634,0.05269434749199132,0.9960303749944511,9.185324906286682e-05,0.9973478672117739,5.464768920925812e-05,nan,nan,nan,nan,nan,nan,0.9718040017690145,0.0002736840431544327,0.5507882400158894,0.051273828485003295,0.9960357536965821,8.81846957677223e-05,0.997349375269704,5.355884240261141e-05,nan,nan,nan,nan,nan,nan
cls-static,optc-ts,cls_wl64_tiny,best,16,5/5,10,9.8,0.9701156468210044,0.0007372364489071654,0.473268164174699,0.06803541284068586,0.9960587703082618,0.00010175216924680776,0.997363757201153,5.921888865153448e-05,nan,nan,nan,nan,nan,nan,0.970329817228974,0.0006978918884146152,0.48998110604990597,0.05911246048731571,0.9960632511293529,0.00010089158890290193,0.9973648894679943,5.9014823869511324e-05,nan,nan,nan,nan,nan,nan
cls-static,optc-ts,cls_wl64_tiny,best,32,5/5,10,9.8,0.9703453571824561,0.0015062359615292803,0.4582151348177984,0.05219575190852002,0.9960545653529568,9.890455977267816e-05,0.9973591575779714,5.767418814281545e-05,nan,nan,nan,nan,nan,nan,0.9704894811287366,0.0015963494530459202,0.45701451187906833,0.05187352404343173,0.9960590698790719,9.716296739008408e-05,0.997361039624472,5.703417230919352e-05,nan,nan,nan,nan,nan,nan
cls-static,optc-ts,cls_wl64_tiny,final,1,5/5,10/5,7.4,0.967250842380427,0.001884900488006373,0.3981236185582104,0.06406031485802739,0.9960022126882425,6.547153619608486e-05,0.9973324532695014,4.482318425392819e-05,nan,nan,nan,nan,nan,nan,0.9666598919172197,0.0016499666319973287,0.4002636590766523,0.06307552517460233,0.9960034621227883,6.505813411329673e-05,0.9973318332111164,4.50089656905959e-05,nan,nan,nan,nan,nan,nan
cls-static,optc-ts,cls_wl64_tiny,final,2,5/5,10,9.4,0.9681094925421379,0.0013874882274546225,0.47700866955805044,0.022229386289127486,0.9960862197074419,0.00010807283686311734,0.9973780191212965,6.42330567788041e-05,nan,nan,nan,nan,nan,nan,0.9677305043508111,0.0011669048081862996,0.4501089074278446,0.020912424914365693,0.9960912858586773,0.0001046184830652036,0.9973803096847617,6.261286261599472e-05,nan,nan,nan,nan,nan,nan
cls-static,optc-ts,cls_wl64_tiny,final,4,5/5,10,9.6,0.966193851484212,0.0013975820279321135,0.5258478330990396,0.06744488360573996,0.9960658027501766,0.00010267337743456929,0.9973644822779519,6.05906319620801e-05,nan,nan,nan,nan,nan,nan,0.9664291166390727,0.0012898773212177324,0.49457430703693916,0.05514366673402274,0.996067078487842,0.00010228473512068967,0.9973632761191726,6.091997795635135e-05,nan,nan,nan,nan,nan,nan
cls-static,optc-ts,cls_wl64_tiny,final,8,5/5,10,8.4,0.9679169070559501,0.0018100956257450335,0.5393661867844312,0.05512353747341428,0.9960507917022993,9.495802826961235e-05,0.9973597743239259,5.664635158017773e-05,nan,nan,nan,nan,nan,nan,0.9688324488260547,0.0019897049225619363,0.5231772709153727,0.058590579263868854,0.9960674921150471,9.5103681522683e-05,0.9973653914398936,5.723257821013494e-05,nan,nan,nan,nan,nan,nan
cls-static,optc-ts,cls_wl64_tiny,final,16,5/5,10,9.8,0.9691347175997528,0.0015551664828174815,0.5405060405125118,0.07313454281147985,0.9960719774672169,9.663388458491623e-05,0.9973688075084726,5.7357975279554226e-05,nan,nan,nan,nan,nan,nan,0.9690588892668298,0.0015464793261497785,0.5374272315426099,0.07223108331355808,0.9960751217967763,9.574853195769922e-05,0.9973690146685243,5.730572763635458e-05,nan,nan,nan,nan,nan,nan
cls-static,optc-ts,cls_wl64_tiny,final,32,5/5,10,9.4,0.9687114069491454,0.0012168794968337685,0.4506915521339855,0.06801287322901496,0.9960370045652767,9.922290953787459e-05,0.9973498247474911,5.7582265404922484e-05,nan,nan,nan,nan,nan,nan,0.9685930978364026,0.0012290898212757855,0.45460152998365755,0.0646736650627864,0.9960454332237442,0.0001012020497880138,0.997354799935253,5.890112930324256e-05,nan,nan,nan,nan,nan,nan
cls-temporal,optc-ts,cls_wl64_tiny,best,1,5/5,10,9.6,0.9651826300811404,0.0006947772211109406,0.47954321290849905,0.0688108043630246,0.9964909614049293,7.258209639546738e-05,0.9976538757567408,4.363336680152613e-05,nan,nan,nan,nan,nan,nan,0.9646341948509398,0.00047734266320801185,0.47651955452785916,0.06689700128423517,0.9964945051449149,7.347072434017062e-05,0.9976555666810961,4.487320050764239e-05,nan,nan,nan,nan,nan,nan
cls-temporal,optc-ts,cls_wl64_tiny,best,2,5/5,10,9.6,0.9664743599380845,0.0014573764480364276,0.41137842771561195,0.06786864518476003,0.9965443074047142,0.00010600806386480811,0.9976855703672649,6.535282408759247e-05,nan,nan,nan,nan,nan,nan,0.9660331837438587,0.0012449682658381886,0.4197658109045127,0.07166275266727042,0.9965491769944321,0.00010376017445303218,0.997688050277923,6.425369842591034e-05,nan,nan,nan,nan,nan,nan
cls-temporal,optc-ts,cls_wl64_tiny,best,4,5/5,10,10.0,0.9662245148208214,0.0008642153832964355,0.5673078688120382,0.06875348621692949,0.9965995523733268,9.621318229581884e-05,0.9977271352151416,5.964549372564286e-05,nan,nan,nan,nan,nan,nan,0.9662245148208214,0.0008642153832964355,0.5673078688120382,0.06875348621692949,0.9965995523733268,9.621318229581884e-05,0.9977271352151416,5.964549372564286e-05,nan,nan,nan,nan,nan,nan
cls-temporal,optc-ts,cls_wl64_tiny,best,8,5/5,10,8.6,0.9666582459945037,0.0011898266011244264,0.5642356458250226,0.06336114145036616,0.996523546043902,7.305809529369982e-05,0.9976788786539903,4.1628654821113384e-05,nan,nan,nan,nan,nan,nan,0.9671129356683824,0.0015207495698700555,0.5353823646919702,0.06698175984472973,0.9965301614291256,7.188516468843718e-05,0.9976799602158604,4.0592681153411344e-05,nan,nan,nan,nan,nan,nan
cls-temporal,optc-ts,cls_wl64_tiny,best,16,5/5,10,9.2,0.9686427041617571,0.0013804194773590988,0.603765074890016,0.06756289524908807,0.9965914731483194,8.81390579330847e-05,0.9977356000093881,5.6006226004575865e-05,nan,nan,nan,nan,nan,nan,0.9684521467154523,0.0014220538320453859,0.5992217344259908,0.06433019565048627,0.9966001798757581,8.8396963089734e-05,0.9977398059279029,5.713903525800803e-05,nan,nan,nan,nan,nan,nan
cls-temporal,optc-ts,cls_wl64_tiny,best,32,5/5,10,9.4,0.9731785633522072,0.0003008556555018471,0.6705028515066351,0.009452307456350364,0.9965102551327385,6.915870207987612e-05,0.9976844196801228,4.4885810421725274e-05,nan,nan,nan,nan,nan,nan,0.9737376508814691,0.00077934132061699,0.6649737910599122,0.008710013133151038,0.9965146833995527,6.984889091516013e-05,0.9976819759839619,4.436627315493596e-05,nan,nan,nan,nan,nan,nan
cls-temporal,optc-ts,cls_wl64_tiny,final,1,5/5,10/5,7.4,0.9663472417717959,0.0004889281666347982,0.3633835440731076,0.04750538606764768,0.9964489683240851,6.474127212445465e-05,0.997622941132092,4.1501693529267734e-05,nan,nan,nan,nan,nan,nan,0.9664107061086753,0.0004218217693842546,0.37664935844311903,0.03686572847323385,0.9964578344498823,6.688211211352383e-05,0.9976283614552341,4.348937134116525e-05,nan,nan,nan,nan,nan,nan
cls-temporal,optc-ts,cls_wl64_tiny,final,2,5/5,10,9.4,0.9649392558988554,0.0015494030010076436,0.4113591407437066,0.09251622291755247,0.9964850632499649,7.515840261462717e-05,0.9976445644418659,4.544681959525032e-05,nan,nan,nan,nan,nan,nan,0.965670250737768,0.0014451402800756761,0.4377768705967635,0.08831894165947339,0.9964864135114032,7.559791443427258e-05,0.9976449245262113,4.5246599365252e-05,nan,nan,nan,nan,nan,nan
cls-temporal,optc-ts,cls_wl64_tiny,final,4,5/5,10,10.0,0.9664345398839492,0.0004731376451385303,0.5217938600883817,0.08657254178143405,0.9964829257967501,7.169152495383439e-05,0.9976444984761933,4.197417129539365e-05,nan,nan,nan,nan,nan,nan,0.9664345398839492,0.0004731376451385303,0.5217938600883817,0.08657254178143405,0.9964829257967501,7.169152495383439e-05,0.9976444984761933,4.197417129539365e-05,nan,nan,nan,nan,nan,nan
cls-temporal,optc-ts,cls_wl64_tiny,final,8,5/5,10,9.8,0.9672728814578584,0.0009495398174243191,0.5825160937452258,0.06271302309698916,0.9965722736378474,0.00011199467231547463,0.997707774583442,7.185109073890862e-05,nan,nan,nan,nan,nan,nan,0.9671489455132241,0.000986341547960431,0.5851450040830948,0.060843062423889004,0.9965797008447937,0.00011314114268780292,0.9977113162754374,7.271613760057728e-05,nan,nan,nan,nan,nan,nan
cls-temporal,optc-ts,cls_wl64_tiny,final,16,5/5,10,9.8,0.9669005114105824,0.0005068805010895456,0.622130870850463,0.027266999174043675,0.9964828909822698,7.963762185957063e-05,0.9976431601671898,4.7826561717465455e-05,nan,nan,nan,nan,nan,nan,0.9671020562914965,0.000334081272386228,0.6241669345864039,0.027122551166799628,0.9964840784262556,8.016928549528086e-05,0.9976433697294954,4.790523826039852e-05,nan,nan,nan,nan,nan,nan
cls-temporal,optc-ts,cls_wl64_tiny,final,32,5/5,10,9.8,0.9675318895568632,0.0008997192113493467,0.5038101022115995,0.046557088559799994,0.9964674340284478,6.729512706809136e-05,0.9976391408122716,4.136254917638313e-05,nan,nan,nan,nan,nan,nan,0.9675355400286525,0.0009007671037296588,0.5145517734362637,0.05103308295023085,0.9964689297728448,6.827703853796442e-05,0.9976401266337707,4.202229552328914e-05,nan,nan,nan,nan,nan,nan
lp-static,lanl14argus,lp_cr_tiny,cr,1,5/5,5,1.4,0.9936446571572422,0.0005089673541005191,0.12151718383654761,0.001123082361814178,0.9955692383263852,1.5969712992442704e-05,0.9877694281770688,0.00023695338425074337,78.38052120620615,0.7244060312893537,0.13409756111604637,0.0011118915839569636,97.34017094017094,0.8916721711034198,0.9945139844333738,0.000898256629275017,0.23628989632977238,0.013656809080157902,0.9965600579701166,8.265766311215322e-05,0.9943656029772809,0.0002685224908800288,152.4107508531458,8.80885961903342,0.20532602846054568,0.020252514932184617,60.717948717948715,6.4102336181931
lp-static,lanl14argus,lp_cr_tiny,cr,2,5/5,5,1.4,0.996413855083588,0.00016603199071136147,0.22342245786426962,0.009754756025343123,0.9965237192660352,1.339376385604505e-05,0.9933454652410211,7.351414337497452e-05,144.11104786734012,6.291973179153098,0.2487535794978309,0.006641844687089979,45.606837606837615,1.660708174244627,0.9966883979753133,0.0004655212099745991,0.3556452647742204,0.053079810097566724,0.9979116621226378,0.00012950800865222474,0.9970408914485063,0.00020829099780256887,229.39686666058725,34.2373238880346,0.39501561208985364,0.08802647527600507,33.21709401709402,11.978023561216117
lp-static,lanl14argus,lp_cr_tiny,cr,4,5/5,5,1.8,0.9957326503173494,0.0004671930340700208,0.3046565834138566,0.01872753713700587,0.9966609655370942,0.00011691132777318471,0.9932859852973841,0.00041564191342623294,196.5083541517869,12.07956007013407,0.31327103531316636,0.014709983093867411,33.422222222222224,2.380567590458855,0.9964213191051551,0.0004269759313903271,0.6167809957017696,0.056529308823926115,0.9986074088088979,7.809920319764613e-05,0.9980410628625155,0.00012069072613816401,397.8335770043383,36.46230556993295,0.6767767347421241,0.04964221319848714,7.78119658119658,2.0461931177460753
lp-static,lanl14argus,lp_cr_tiny,cr,8,5/5,5,2.0,0.9955673380313967,0.0005321311437799647,0.27544502204471744,0.024999232752582885,0.9968225192588196,0.0001290010077484686,0.9938611461643969,0.00046251018907003216,177.6664312806977,16.124903746439347,0.2866670854089547,0.025701482772724597,39.12478632478633,4.804770318123476,0.9962261442873199,0.0006165507922544929,0.5302746464614531,0.03481796432317333,0.9986163703177334,0.00013842757563056906,0.9980411223650043,0.00020250028506390766,342.0356023720227,22.458142172388172,0.6167180318507379,0.03622977939222111,9.682051282051281,1.4225837804721946
lp-static,lanl14argus,lp_cr_tiny,cr,16,5/5,5,2.0,0.9969153246957749,0.00020431327067845967,0.2375572044218885,0.015834105490116192,0.9967743719040693,8.14635605917249e-05,0.9940633824288533,0.00021745826283741496,153.2281847802068,10.213250521166929,0.2537343475843173,0.01574896995381014,45.37435897435897,4.563025577980578,0.9973296117322171,0.00011183033508258836,0.427707086685719,0.03448662314985944,0.9992690003882215,3.634054197442404e-05,0.9989575482311865,5.195245798763525e-05,275.877890843056,22.24442183225626,0.519284535001097,0.03574994410674917,14.523076923076923,2.175455295297173
lp-static,lanl14argus,lp_cr_tiny,cr,32,3/3,5,2.0,0.9959324493264389,0.000735943995848695,0.22262003750818224,0.028928372254668617,0.9976502502630815,5.4322232220241245e-05,0.9962890956451086,0.00010111073357954088,143.59347394280613,18.65926137671179,0.244025946280326,0.0228674999338612,47.81766381766382,6.4910864619215145,0.9962804802802454,0.0009048718376534541,0.3568891643208269,0.04955913585554694,0.9987216870889611,0.0002162411667382426,0.9982613435637283,0.000307749860104643,230.19920170253758,31.96643286361818,0.40207400156904605,0.07128972585609161,24.638176638176642,6.466310161206033
lp-static,lanl14argus,lp_cr_tiny,cr_best,1,5/5,5,3.2,0.9964794416280197,0.00018212447217409028,0.24883240998306566,0.013755043694869889,0.9997332987829145,1.379169336539313e-05,0.9996888598477233,1.6722694903727453e-05,160.50087215404292,8.872222511906031,0.2317333148486283,0.015684218357382797,50.91282051282052,3.8614381965242877,0.9964239851724439,0.0004554010147174801,0.3077469699253924,0.029960120417381626,0.9997618608191609,5.013916175507647e-06,0.9997251600453143,5.046663056888532e-06,198.5017027289612,19.324755393226916,0.3433118764029894,0.05495855948936088,34.256410256410255,8.887889490168709
lp-static,lanl14argus,lp_cr_tiny,cr_best,2,5/5,5,2.4,0.9961435026469762,0.00027101616338138135,0.2845572406401999,0.017880953514228914,0.9997648560892639,1.0753803387756349e-05,0.9997302991084556,1.0889799699873972e-05,183.54395757211915,11.533500134387447,0.28393362077946843,0.02539307124710232,39.83589743589744,5.334849663909788,0.995537858207874,0.0006507131981385581,0.2731019933846128,0.03445281148125173,0.9998084840042785,1.2534637978248822e-05,0.9997822941750811,1.8595295676358777e-05,176.1551404345643,22.222612766866067,0.2639449454213165,0.04743825981583208,52.34871794871795,15.266059435138658
lp-static,lanl14argus,lp_cr_tiny,cr_best,4,5/5,5,2.0,0.9959541659444557,0.0002988580622819699,0.20642063409472816,0.009133062192510555,0.9996485850321019,1.7068176753976184e-05,0.9995819233127898,2.173708192481347e-05,133.1446004362902,5.890970743862584,0.18376024655982065,0.007752550960618898,67.43247863247862,3.647554036510746,0.994246831438649,0.0006424735810667988,0.18844025704433665,0.02530874909564449,0.9997624780027685,1.1906666959067724e-05,0.9997264375532227,1.5887778901075456e-05,121.54697053573678,16.32454672305441,0.17700462787190627,0.02606939675142446,77.63418803418804,13.274128471132396
lp-static,lanl14argus,lp_cr_tiny,cr_best,8,5/5,5,2.4,0.9950954489554587,0.0003614958410463475,0.2793123305683092,0.007907670651539243,0.9997494816412104,2.6138854269737685e-06,0.9997087937419188,2.4353691800986866e-06,180.1609069439261,5.1005736606632235,0.2672299995727572,0.012570696156034605,41.764102564102565,2.7545797937285346,0.9957170237307462,0.00024180090188438865,0.35262841183501153,0.01624803873542974,0.9997836399958493,1.0118750535641983e-05,0.9997521891070307,1.2484539266342765e-05,227.45094841008094,10.480244064696485,0.4309949733946553,0.03574882542460911,21.182905982905982,3.9898710238255943
lp-static,lanl14argus,lp_cr_tiny,cr_best,16,5/5,5,2.2,0.9961036332986147,0.00033103540920608994,0.31446384523159404,0.013359461543496246,0.9997068958784536,1.1793762047877282e-05,0.9996607775433318,1.4085696097637215e-05,202.83419440425658,8.617065716581966,0.3228657242852058,0.022463445610330115,32.34188034188035,2.8602944328902056,0.9960655880591511,0.0005860382862479208,0.4099056683283555,0.03746375193590155,0.9997838604555614,8.878802435219995e-06,0.9997512204358131,9.598439754741287e-06,264.3956921530611,24.164717370555252,0.4944231324676281,0.05573942765244208,17.62735042735043,5.039803290893333
lp-static,lanl14argus,lp_cr_tiny,cr_best,32,2/3,5,4.5,0.9966805649423174,9.401734419783869e-05,0.4336749521345233,0.007422566706917932,0.9997704882080738,2.189988088596717e-06,0.9997456283200656,1.1035358499555947e-05,279.7272592171205,4.78767388123984,0.5347871235721703,0.020768431983385294,13.128205128205128,1.0940170940170937,0.9964699323324083,0.00030464995410683926,0.4286617403738312,0.012435778467610015,0.9997754862141879,2.8080180255463105e-06,0.9997506551710165,6.008507548782571e-06,276.4936576941567,8.021275404203607,0.531819348216577,0.023736207338978688,13.299145299145298,1.264957264957265
lp-static,lanl14argus,lp_tiny,oldckpt,1,0/1,-,nan,nan,nan,nan,nan,nan,nan,nan,nan,nan,nan,nan,nan,nan,nan,nan,nan,nan,nan,nan,nan,nan,nan,nan,nan,nan,nan,nan,nan
lp-static,lanl14argus,lp_wl4_2e9_tiny,2e9,1,5/5,5,3.0,0.9952046811726349,0.00014092627436391853,0.13478931180490752,0.0028503885284209608,0.9968172248354081,3.622176139614816e-05,0.9944721222768568,0.00010128707828417218,86.94125537426245,1.838546051218078,0.13811772432568523,0.0007695707457222987,94.30427350427351,0.40010225882606043,0.9951494954328671,0.00022703089966199304,0.14147619495822805,0.006454878086529752,0.9970566706523533,4.567466426050014e-05,0.9953963237443318,0.0001173056185976588,91.25440163271473,4.163499290974801,0.14165118510284141,0.001987725463623162,91.48717948717949,1.5269464596179676
lp-static,lanl14argus,lp_wl4_2e9_tiny,2e9,2,5/5,5,2.8,0.996581234800385,0.00011121901318588012,0.2915673108290155,0.023136019823626185,0.9973876924707366,5.1067643861959426e-05,0.9961162527869432,0.0001260321497854911,188.06556462178972,14.923101697716714,0.2705387647256131,0.03323336770671234,43.74700854700855,6.730247761647263,0.9963219059759363,0.00031739666297218513,0.2986075384431746,0.041965374613834115,0.9976747545241966,9.739151632941758e-05,0.9967485186532882,0.00020332872279423458,192.606623691677,27.06833577768223,0.29979216292032235,0.055985117635685644,43.04957264957265,10.843646838022423
lp-static,lanl14argus,lp_wl4_2e9_tiny,2e9,4,5/5,5,3.4,0.9961945809189169,0.0002707280138709051,0.20651448564362895,0.0214689584266836,0.9975983815781824,3.611335264614388e-05,0.9964194654730185,7.624571588080853e-05,133.20513618182522,13.84782051484415,0.18242904030665036,0.014910350475653134,69.75726495726497,7.183243624522657,0.9961647216098418,0.0003814678635543228,0.22629375028709373,0.03204306481602396,0.9978547709814857,1.5545573668564052e-05,0.9969925205276926,4.833467526119423e-05,145.96307726376773,20.668287743587648,0.20861175836685378,0.026494253662421252,62.112820512820505,10.149473287862717
lp-static,lanl14argus,lp_wl4_2e9_tiny,2e9,8,5/5,5,1.6,0.9951154400287662,8.150802495562432e-05,0.1299241051203321,0.002190625804012038,0.9957837122034391,7.027220471362726e-05,0.9883993055199186,0.0004244687166093544,83.80311948538379,1.4129885738397647,0.1381746335950535,0.0015790821461934865,93.88034188034189,1.2147100439632121,0.9947246875421911,0.00037244147818820425,0.1572383485068129,0.01273565401787383,0.9961347679386412,0.0001328003545995426,0.9927639333111115,0.0005936348614298479,101.42124200429649,8.214699915738471,0.13978116861696438,0.0020151860702081613,92.66324786324785,1.5552211531235975
lp-static,lanl14argus,lp_wl4_2e9_tiny,2e9,16,5/5,5,2.6,0.9955947915148673,0.00031661501371898826,0.1530114810559781,0.02061291540035029,0.9962231738269756,0.0004082019449740511,0.9907261747391631,0.001589151123986705,98.6948450997104,13.29565911297036,0.15542541250442404,0.015428262875128539,84.78632478632478,7.674189488706213,0.9951746147981947,0.0004146403480265535,0.15792505316255406,0.026348919759123308,0.9965480462279388,0.0004043528035153296,0.9931575478559133,0.001333873059830585,101.86417745698206,16.99547338686304,0.15799093972651485,0.02487511826954968,87.20683760683761,11.258957976060609
lp-static,lanl14argus,lp_wl4_2e9_tiny,2e9,32,4/4,5,1.0,0.9946819571467027,0.00021997803123274785,0.1270845805982384,0.0029145362635407514,0.9959161799576008,4.610409988592196e-05,0.9903735765019313,0.0003201964730195112,81.97158089147693,1.879922363227168,0.13693592322298012,0.0012684133246532207,94.83760683760684,1.006855503640416,0.9958275744789343,0.0002056962961244693,0.2369337157081337,0.022254044434710466,0.997203618672323,0.00016584676677508398,0.9957843865943223,0.0003262875181263676,152.8260246181015,14.354213508477187,0.20693939059138772,0.019189277049707534,59.82905982905983,7.882943251840299
lp-static,lanl14argus,lp_wl4_2e9_tiny,2e9_best,1,5/5,5,3.0,0.9964065119172926,0.00014057434841936522,0.2493011570227115,0.011824456209489383,0.9997368488246872,1.2628520262672915e-05,0.9996917008245202,1.6331495632760934e-05,160.80322146894088,7.626962799980486,0.23367108413448046,0.012237001755588787,50.05128205128205,3.227466316911028,0.9961978633480904,0.0003953036696646961,0.2699701199364478,0.013396508342409585,0.9997569128077763,9.16825242431206e-06,0.9997215978978629,1.1563544262771364e-05,174.13503212174132,8.64096149260451,0.26026111552399617,0.027981166086878295,45.1008547008547,5.554207857572703
lp-static,lanl14argus,lp_wl4_2e9_tiny,2e9_best,2,5/5,5,3.0,0.9950588974871506,0.00041670869373554813,0.24634782949112521,0.006468659596765135,0.9997771181522536,6.373090348423923e-06,0.999738701283688,9.341480482188712e-06,158.89827811928473,4.172388584827355,0.217026053734685,0.006474585569583046,54.536752136752135,2.235029497762765,0.9959570995047458,0.00022917498196097644,0.27739473280087057,0.0109145827718729,0.9998201827147076,1.3759349450840384e-05,0.9997970020087635,1.9362890320570396e-05,178.92402580719843,7.0400799244853625,0.2559508972153869,0.018455949598281108,45.04615384615384,4.611123072154824
lp-static,lanl14argus,lp_wl4_2e9_tiny,2e9_best,4,5/5,5,1.8,0.996081168720751,0.00033841806423846215,0.252486150174956,0.010151953972033953,0.9996778740308117,4.371924808739181e-06,0.9996178650844401,5.942565735512109e-06,162.85759283790637,6.548172188221134,0.23820432065563063,0.01343447993285696,48.929914529914534,3.6561445262921963,0.9944515836338985,0.000658924649138049,0.23534978057155193,0.05252549644992247,0.9997684487652659,7.923436576933696e-06,0.9997348744134685,1.2360742602090118e-05,151.8043611986373,33.87978274658986,0.24664668230569814,0.07358703247118174,68.26666666666667,20.123224454997604
lp-static,lanl14argus,lp_wl4_2e9_tiny,2e9_best,8,5/5,5,3.4,0.9955105876187142,0.000318511770498073,0.3392892039917858,0.010299934938193733,0.9997641291280515,4.372134051987286e-06,0.9997298463347185,4.978458913258593e-06,218.84694665312546,6.643622270999575,0.3476165781441011,0.009826594619166818,28.362393162393165,1.1610651035746624,0.9952038488826652,0.00043248807725432064,0.38745222647237626,0.010792048211177583,0.9997773095014905,9.643781989637817e-06,0.9997469902906149,1.2086512515853192e-05,249.91286412840773,6.961043178982841,0.4530355976231875,0.02522980670067955,18.5982905982906,1.9608558855586924
lp-static,lanl14argus,lp_wl4_2e9_tiny,2e9_best,16,5/5,5,2.8,0.9965504030092254,0.0003497713412333858,0.36951189865616524,0.00815637757806239,0.9997177763829885,1.0316750958309504e-05,0.9996708078886278,1.0730689000397377e-05,238.34106662249897,5.2609935939847405,0.40321888252760935,0.020615010783455588,22.714529914529912,2.2091290810320596,0.9963182996546351,0.0006945376224880386,0.38864866631557765,0.028154556073015712,0.9997554969082436,8.335626058480784e-06,0.9997191138318577,1.0018435375672402e-05,250.68458690490115,18.160137600791057,0.45286432903036544,0.05532702618122564,21.305982905982905,6.487970178044356
lp-static,lanl14argus,lp_wl4_2e9_tiny,2e9_best,32,3/4,5,4.666666666666667,0.9968975578965974,0.00024071734634359518,0.406614750908645,0.020698261424280832,0.999758619092295,4.8587458566899245e-06,0.9997284706039263,1.1112813978215867e-05,262.2729979425825,13.350708659276108,0.4589349865733255,0.04872158639162734,18.52991452991453,3.761926756507055,0.9970273860005728,0.0002952152052870365,0.4159370645262192,0.029064268501001005,0.99976072820996,5.291979221969179e-06,0.9997335371363653,1.379593452172538e-05,268.2860388732877,18.746916622506713,0.48043749668039376,0.06712547196641842,17.527065527065528,4.551048195196645
lp-static,lanl14argus,lp_wl4_2e9_tiny,legacyef,1,0/1,-,nan,nan,nan,nan,nan,nan,nan,nan,nan,nan,nan,nan,nan,nan,nan,nan,nan,nan,nan,nan,nan,nan,nan,nan,nan,nan,nan,nan,nan
lp-static,lanl14argus-cleants,lp_cr_tiny,cr,1,5/5,5,1.2,0.9951461499833829,0.0004246202626117329,0.04585504256900144,0.007269585595754336,0.9991855932638268,2.056520170269302e-05,0.9987000636252679,4.9711276197110077e-05,152.50178663485622,24.17672581547216,0.053762032127473616,0.012972881361724675,709.7660377358491,182.0622806444648,0.992751209355203,0.0005437164904060304,0.03597823596057128,0.005471839572391601,0.999233826930058,2.285656132243591e-05,0.9988305475590744,5.6416024543604775e-05,119.65413085597393,18.197896331975826,0.03478543809636421,0.009754348620079359,1034.1132075471698,163.91391605386193
lp-static,lanl14argus-cleants,lp_cr_tiny,cr,2,5/5,5,2.4,0.9957569148645635,0.0002675669621735815,0.047832659828840725,0.004341435203994528,0.9990860279832395,3.550155575279089e-05,0.9985945671489393,4.423554103809013e-05,159.07882044638512,14.438469317138933,0.051778598724524595,0.007790317385371943,613.7660377358491,89.34974969997909,0.9946509367633848,0.000820086684044,0.040742456767240705,0.008225542224319413,0.9991795155008152,8.73762502422927e-06,0.9987635533934697,1.1539470343007684e-05,135.49867366381773,27.355985622771087,0.04403441210135696,0.012138731660842202,901.554716981132,217.9789174634239
lp-static,lanl14argus-cleants,lp_cr_tiny,cr,4,5/5,5,1.6,0.9955298583547367,0.00032524878268837124,0.0499181780263475,0.00599637720994351,0.9988756441367179,4.160888669298685e-05,0.9983208158937676,4.029714428636356e-05,166.01470433964946,19.942370274258657,0.05487463231444606,0.011565956529355537,632.9056603773586,128.0596870450112,0.9944523544644742,0.0007975240551018402,0.03577635799825912,0.006867461704157871,0.999093196682186,1.4571753064460085e-05,0.9986134776504765,3.636717100988082e-05,118.98273795761425,22.83936773048636,0.035892723089824205,0.007709233179768018,982.7622641509436,186.20931519052354
lp-static,lanl14argus-cleants,lp_cr_tiny,cr,8,5/5,5,1.0,0.9923411968848237,0.000984843490676583,0.030627530879328912,0.0034622834773631855,0.9978885114130722,0.00030562944960168143,0.9971521721116791,0.0003794357848075585,101.85909591695317,11.514642371985623,0.03134490281811373,0.004471811501388035,1021.343396226415,135.46532470423276,0.9921707141865784,0.0002509515533383662,0.023046307212952998,0.001733500760946382,0.9992530883783735,1.915711504504009e-05,0.9989061052549875,3.1341489866020554e-05,76.6459440098093,5.765166672332739,0.022037230071072174,0.000532709984601747,1363.0188679245282,33.28680079484316
lp-static,lanl14argus-cleants,lp_cr_tiny,cr,16,5/5,5,1.2,0.9941862671429303,0.00030543216680718846,0.030449900875751956,0.0019411387597058245,0.9987040067878125,0.00012722369859230934,0.9980935858740134,0.00014987929453721014,101.2683453388749,6.45571593387692,0.029055004510506365,0.0024085254663497157,1049.1169811320756,76.36829836635106,0.9928903277052885,0.0005945012577580395,0.027356165379173382,0.002277592619555233,0.9992646187320245,1.9185179068135808e-05,0.9989279368307086,3.328039068857033e-05,90.9793964213386,7.574672800398605,0.0248729305720947,0.001148909282568732,1210.656603773585,50.779938462264795
lp-static,lanl14argus-dirtyts,lp_cr_tiny,cr,1,5/5,5,1.6,0.9955521904537928,0.00017652844963848274,0.07530846067967426,0.007060867147592272,0.9992157420028107,1.49525038480083e-05,0.9988190063326539,3.4729844963629846e-05,250.45609291691989,23.48258326396383,0.07178871667765327,0.007553249243914365,420.8603773584906,54.41404547179543,0.9940472467790628,0.000562582551947438,0.035868212830006824,0.005163315142753097,0.9992694885014778,1.024231000719574e-05,0.9989356466331228,2.012459432397715e-05,119.2882229199603,17.17182538962371,0.03441782363988965,0.007254682532815605,983.1849056603772,148.1604402996148
lp-static,lanl14argus-dirtyts,lp_cr_tiny,cr,2,5/5,5,1.6,0.9954565854655553,0.0005780698838674602,0.08557397105571596,0.014613867084975826,0.9989666458925079,3.550211696352611e-05,0.9985162716794858,2.8703407104182948e-05,284.5964749852448,48.60187048675252,0.10108742564110196,0.017383777436218446,313.3283018867925,60.3802527608183,0.9932107143538665,0.0006527508609395546,0.0529704344290048,0.01785089120256979,0.9991655298773499,1.3811818356007964e-05,0.998781503955065,1.791108274580671e-05,176.16570472248594,59.367359594528715,0.05139597231442529,0.021078323867899713,865.9924528301888,196.11949133306584
lp-static,lanl14argus-dirtyts,lp_cr_tiny,cr,4,5/5,5,2.0,0.9955240419512534,0.00024088819499914468,0.06043293819282249,0.004890864531445,0.9990778949838154,2.6651257134285004e-05,0.9986498254733508,3.330033799182633e-05,200.9840255219714,16.265726459899213,0.06082444607850519,0.006264036246587176,494.76226415094345,53.62486737376977,0.9934565159738027,0.0007102412019427764,0.03997312917811241,0.005821288746197833,0.9992123305503284,1.5459098294742116e-05,0.9989308683467713,2.4935265485721637e-05,132.94009285619975,19.360072187844526,0.03149464006298515,0.0039795145413576965,995.9547169811319,108.87514210403461
lp-static,lanl14argus-dirtyts,lp_cr_tiny,cr,8,5/5,5,2.0,0.9953671065318457,0.00043103452262876395,0.05575475947721089,0.01046831620124454,0.9991355535960504,1.9407597772783285e-05,0.9987039156132214,3.843428592728376e-05,185.4256360328683,34.81486079412373,0.05713128118216968,0.012053547225540128,630.2490566037736,151.35342497744472,0.9934487325471812,0.0012146783324734486,0.04196191755676383,0.010422055038433367,0.9992601257761633,5.032593874423096e-06,0.9989677572647239,4.419259930079845e-05,139.55427886478523,34.66100835859511,0.04164157252309191,0.01091261562800904,871.0641509433963,166.7453149475564
lp-static,lanl14argus-dirtyts,lp_cr_tiny,cr,16,5/5,5,1.6,0.9951160503325676,0.00035076183307435055,0.04812851446418026,0.007212164046309064,0.9991887211270347,2.1480691006223613e-05,0.9988038317054512,3.5611577164046206e-05,160.0627549919826,23.98575687528268,0.04504219543335104,0.007187656643288127,721.3283018867924,113.81593904848334,0.9923926044323877,0.0008907001123698388,0.03325267440148953,0.0027129257671994578,0.9993350699439771,1.898058514560094e-05,0.9991161427386916,3.175963587444154e-05,110.58963142348973,9.022476118806157,0.02894495502115519,0.0027654697970844046,1060.7396226415094,86.27178493433699
lp-static,lanl14argus-dirtyts,lp_cr_tiny,cr,32,1/2,5,2.0,0.9949057330436702,nan,0.042926405309314554,nan,0.9991688324642847,nan,0.9987576227048732,nan,142.76191094211,nan,0.038740458015267175,nan,760.3018867924528,nan,0.9931538188482413,nan,0.032603725468032,nan,0.9993157011971914,nan,0.9989705529895884,nan,108.4313982992235,nan,0.02730329522528581,nan,1091.622641509434,nan
lp-static,lanl14argus-dirtyts,lp_wl32_tiny,final,1,5/5,5,1.0,0.9915574016880907,0.00010753924894298286,0.03595227270369636,0.0037255545694577803,0.9984651053878988,2.075389353670662e-05,0.997508963155077,4.2088146635221124e-05,nan,nan,nan,nan,nan,nan,0.9910761487318561,0.0001268769492630411,0.018869621587975012,0.0003280299293029858,0.9992040805364619,1.440701166055014e-05,0.9988248830442625,3.508512609824602e-05,nan,nan,nan,nan,nan,nan
lp-static,lanl14argus-dirtyts,lp_wl32_tiny,final,2,5/5,5,1.2,0.9864631322637172,0.0005705679006772839,0.01766254810084383,0.00036304615143012246,0.9978689270787742,9.35962689246815e-05,0.9966202640390417,0.00012422652544618858,nan,nan,nan,nan,nan,nan,0.9885538125216657,0.00066563150962367,0.020592808146582837,0.0005264175840139704,0.9990571405501958,3.9239554458152156e-05,0.998544533577625,7.484715342834384e-05,nan,nan,nan,nan,nan,nan
lp-static,lanl14argus-dirtyts,lp_wl32_tiny,final,4,5/5,5,1.0,0.9868065583799682,0.00013088873579174598,0.018005433269143008,0.0007216242379549117,0.997102728870197,0.00020969833045229847,0.995665933343872,0.00039680564425279913,nan,nan,nan,nan,nan,nan,0.9862397572191257,0.0004454804875437515,0.022725834942936226,0.0006405396835745935,0.9988972118853348,3.481308466741697e-05,0.9982976477193374,4.9075645804785917e-05,nan,nan,nan,nan,nan,nan
lp-static,lanl14argus-dirtyts,lp_wl32_tiny,final,8,5/5,5,1.6,0.9907302876749734,0.00016438379437797208,0.02329102550805945,0.0005474617746633535,0.9983601027902971,1.874499414915663e-05,0.99757543579542,2.8767940875635694e-05,nan,nan,nan,nan,nan,nan,0.9882171097419681,0.0011626347214924234,0.02066220517528734,0.0006264473237960045,0.9987612293732704,4.066284349496609e-05,0.9981524513784867,5.274415734604368e-05,nan,nan,nan,nan,nan,nan
lp-static,lanl14argus-dirtyts,lp_wl32_tiny,final,16,5/5,5,1.2,0.9913809468501251,0.00011615129025054093,0.04803628757496942,0.008520885358540738,0.998649244446033,1.558996018180159e-05,0.9979705617547386,1.5957571378546046e-05,nan,nan,nan,nan,nan,nan,0.9880385946775775,0.0007744895702600699,0.02480493947040975,0.0011891362895486977,0.9990719069886103,2.4822476313437088e-05,0.9985898284498027,3.681272654505434e-05,nan,nan,nan,nan,nan,nan
lp-static,lanl14argus-dirtyts,lp_wl32_tiny,final,32,1/2,5,1.0,0.989011179201501,nan,0.021720480424369273,nan,0.9982691168819974,nan,0.997445057112652,nan,nan,nan,nan,nan,nan,nan,0.9884545672107361,nan,0.029256635036035268,nan,0.9989911639399229,nan,0.9984120627921476,nan,nan,nan,nan,nan,nan,nan
lp-temporal,lanl14argus,lp_cr_tiny,cr,1,5/5,5,2.8,0.9944267092019212,0.00018884203552500304,0.125999685832978,0.001579822692643486,0.9960793644442283,6.267363992282361e-05,0.9896907056849852,0.00033072500349766426,81.27180646887864,1.0190108275496914,0.1364620427283056,0.0008155182129213878,95.2068376068376,0.6581884745905711,0.9938981212782165,9.085269982129051e-05,0.13455490238145923,0.00795019162977541,0.9963525384027978,4.5764181948696694e-05,0.9923998290251959,0.0005525466819325318,86.79005755840265,5.128000369636592,0.13914264825726236,0.0024645044326934815,93.1965811965812,1.8229629193280632
lp-temporal,lanl14argus,lp_cr_tiny,cr,2,5/5,5,2.8,0.99581851798774,0.00024047158020174187,0.15409971573564238,0.008416270422417698,0.9968809523881831,5.0973121821043075e-05,0.9930608256464171,0.00014163511264609266,99.39677382035526,5.428628622671163,0.17967594434949388,0.01487749811058989,70.94700854700855,6.943474435870045,0.9960280254350714,0.0002987323866652977,0.2160697569747127,0.04908860727017502,0.9975123636032708,0.00019829030805601733,0.9949922205344617,0.0007913913389966465,139.36843855233164,31.66293442331958,0.2328499943756268,0.03766267546368228,54.93333333333334,8.490165852920407
lp-temporal,lanl14argus,lp_cr_tiny,cr,4,5/5,5,2.4,0.9956133460218478,0.00015048323684094218,0.15347237996456753,0.006178975737418226,0.9970951839923725,5.493736741057751e-05,0.9941189706029588,0.00013040641594517458,98.99213224493595,3.9855378764437814,0.17574284951543112,0.01266620087391411,72.3008547008547,6.118019166481957,0.9958930349310327,0.0003625460675880458,0.22995945110465246,0.030564430094009706,0.9980026656489238,0.00025728681860774297,0.9967007421385505,0.0005682936605313674,148.32751274190343,19.71454477056942,0.23032301296790753,0.02855143160333033,54.96068376068375,9.568531470739806
lp-temporal,lanl14argus,lp_cr_tiny,cr,8,5/5,5,2.2,0.9956977577890678,0.00013240149476879517,0.15482183833301633,0.003009220508900461,0.9972100689748213,5.2768443855138645e-05,0.9941229975749561,9.910705120631792e-05,99.8625544101448,1.9409952112557465,0.18411920981400515,0.006861085729761262,67.0905982905983,2.9067791769799367,0.9956833703718484,0.00026720789636916893,0.18946215588016005,0.02145399958657173,0.997808701263202,0.00011560761970158824,0.9964573442735153,0.00039077435650241145,122.20611157935737,13.838171824448347,0.19537319821668941,0.017938099932426156,64.75213675213675,7.725436732509932
lp-temporal,lanl14argus,lp_cr_tiny,cr,16,5/5,5,2.4,0.9959846021360267,0.00017031468485607286,0.16170277755111537,0.00776509190048717,0.9971459446593686,5.4301080136112e-05,0.9939760128050157,7.586754674697034e-05,104.30086992466724,5.008608092769359,0.19199913639274846,0.014113263082828538,65.06666666666668,6.052637831605205,0.9957621889571042,0.0005341189508133822,0.2128311981848961,0.04009418745932058,0.9979797822520758,0.0002543141544224317,0.9966223152281737,0.0007188942955736902,137.27951649301036,25.86139022632377,0.21352257150951748,0.03146996881499291,62.59145299145299,12.591497084007447
lp-temporal,lanl14argus,lp_cr_tiny,cr,32,3/3,5,2.3333333333333335,0.9956607425050845,0.00012492655671900833,0.15493078752100442,0.007113174940807712,0.9971450913947156,0.00013827710669618682,0.9938204474232472,0.0003856251633380791,99.9328283736279,4.5881112587448625,0.1838620308644708,0.01825075552247361,68.37606837606837,8.114312230267464,0.9955325486329468,0.00047090394253172254,0.18925995390194394,0.03018265837040159,0.9979643067666079,0.00013461295305957057,0.9966946047776957,0.0004606703574357038,122.07568807923064,19.46829592136595,0.19358009890518182,0.03218738210147463,67.48717948717949,14.683246593921302
lp-temporal,lanl14argus,lp_cr_tiny,cr_best,1,5/5,5,1.0,0.9961226639753648,7.925539966212504e-05,0.19841329607788558,0.01008061304421696,0.9995263179726885,1.613618144687186e-05,0.9994040101642749,2.3531222770895273e-05,127.97973973577731,6.502156152224518,0.14754324206928135,0.0029347120509900467,87.07008547008546,1.9879217435551952,0.9962247641201195,5.5834210713178433e-05,0.3075768890891623,0.012523789060899146,0.9996939054781064,1.180205112681893e-05,0.999579566463424,2.11555018831487e-05,198.3919978775977,8.078043640233084,0.3225990000770383,0.018077578627653502,32.27350427350427,2.815649783308052
lp-temporal,lanl14argus,lp_cr_tiny,cr_best,2,5/5,5,1.8,0.9947798168828321,0.00036218404067287976,0.1695726403110923,0.006224486416191371,0.999472244378742,1.851542470796344e-05,0.9993219363904379,2.6900649899886653e-05,109.37705689241348,4.014892989935264,0.1420907736488347,0.0017149035960907892,90.88547008547009,1.2662317441959408,0.9954437812417423,0.00017381258596969228,0.23685813959620292,0.017157095983475923,0.999624057119221,1.586849523860097e-05,0.9994972830845683,2.3274643655629288e-05,152.77727682082008,11.06660048490435,0.184220169543789,0.01279045702402541,68.21196581196583,5.780855903875473
lp-temporal,lanl14argus,lp_cr_tiny,cr_best,4,5/5,5,2.0,0.9949401209263344,0.0001987610517448658,0.16809507228204895,0.005493588571816428,0.9994774675616187,2.4118930150536e-05,0.9993201374451555,2.930314177550693e-05,108.42400195337027,3.5434522259058827,0.14044183881637978,0.001000350272205196,92.08888888888887,0.7565990396511754,0.995037423922513,0.0003096291591620253,0.20797730667005898,0.013180867605848638,0.9996673915249831,1.2704581442298853e-05,0.9995630881910081,2.097140858159666e-05,134.14867906903697,8.501869779059936,0.15744144304429408,0.009611133516664257,81.84615384615384,5.538166078433288
lp-temporal,lanl14argus,lp_cr_tiny,cr_best,8,5/5,5,2.0,0.9948291975410595,0.00012884242852961132,0.16644042052947447,0.006613537899637469,0.9994401239525258,3.7050140618331604e-06,0.999265260618935,8.4685237457712e-06,107.356725188991,4.265837400312402,0.14031487558038144,0.002032659061628386,92.25299145299145,1.531898632264528,0.9951429523284689,0.00022408843724309693,0.21944849463808977,0.010591386890239411,0.9996177760985331,1.0317856385512807e-05,0.9994851039821825,1.339336097331712e-05,141.5477782202979,6.831613427366679,0.1575198818215069,0.0060003431917049375,81.01196581196581,3.6694703683211745
lp-temporal,lanl14argus,lp_cr_tiny,cr_best,16,5/5,5,1.4,0.9947998603267569,0.0002156558276548903,0.15991084051971635,0.005181313633590225,0.9994395774489867,4.2417394495501825e-06,0.9992557930891325,6.193542111020987e-06,103.14504196638707,3.342029911422951,0.13862605543957782,0.0013484135755458741,93.5111111111111,1.0487649666596277,0.9954455690940586,0.00010681076725922221,0.257400444572528,0.009691843817614306,0.9996114201204673,6.574593364183145e-06,0.9994810477126033,8.052262859231365e-06,166.0273910843876,6.251393802012076,0.20339532643188366,0.015951864236835454,60.48547008547009,5.02969079228481
lp-temporal,lanl14argus,lp_cr_tiny,cr_best,32,2/3,5,1.5,0.9949591266263282,0.00011283853847721126,0.15068824895203858,0.0020204935781882732,0.9994291543757419,3.4712934273761764e-05,0.9992425079194382,3.729059312457261e-05,97.19632334796617,1.3032505753688994,0.1375429956222639,4.299562226391107e-05,94.32478632478633,0.03418803418803407,0.9956157514446011,0.00034169612332629606,0.26590165287012074,0.06805466610858053,0.9996261339356304,3.9553869051411894e-05,0.9994601689285141,6.39737238882776e-05,171.51080599090915,43.89634479416374,0.2137588854259616,0.06297067432246606,62.01709401709402,22.7008547008547
lp-temporal,lanl14argus,lp_wl4_2e9_tiny,2e9,1,5/5,5,2.2,0.994006873297114,0.00032145084958984567,0.12395521284510631,0.0006867418242377352,0.996461580693077,6.768071762952605e-05,0.9913913515568653,0.00021811275612141888,79.95308879190432,0.4429594269585543,0.1354601725069041,0.000701642682198528,96.191452991453,0.5240480343619761,0.9944077026962255,0.0001475076768859535,0.12997277565934648,0.0013189605174331745,0.9969500832287143,0.00011347183462423818,0.99472181211679,0.00019909368719998543,83.83451275911587,0.850750565005494,0.13199712664508972,0.0031971313026933875,99.36410256410257,2.74625054029984
lp-temporal,lanl14argus,lp_wl4_2e9_tiny,2e9,2,5/5,5,1.6,0.9957579630511113,0.0003695857440762951,0.1715018262717506,0.01309077875319694,0.9972754915456559,4.7011003905222263e-05,0.993920107819252,0.00013849515278058398,110.6214125985454,8.443761032603078,0.19914040577733524,0.01775983833397157,63.0017094017094,7.056416881995166,0.9956237742203733,0.0008760151464041396,0.23505805419101455,0.03584746915234761,0.9983326035615528,6.387727680532997e-05,0.9976503715894328,0.00011996315627105116,151.6161930315172,23.122189203000122,0.21869272980451432,0.030961914563570257,61.68888888888889,14.64529193757788
lp-temporal,lanl14argus,lp_wl4_2e9_tiny,2e9,3,5/5,5,2.0,0.9964208477695962,0.0001062940972751482,0.18494256797676478,0.006161177233312099,0.9975078960542172,4.0364874316287584e-05,0.9946350278218155,0.00014937528248473367,119.2909053153455,3.9740575574923054,0.22486470048388862,0.004291419354826248,51.95213675213675,1.284924415917333,0.9962572250403389,0.0005250963169762752,0.2548562566115824,0.03499385632017375,0.998751922371399,8.490022858726895e-05,0.998247523364282,0.0001909873676298034,164.38634928166036,22.57159531510943,0.2510706817455296,0.035978449603487374,51.26837606837607,11.436894415678339
lp-temporal,lanl14argus,lp_wl4_2e9_tiny,2e9,4,5/5,5,1.4,0.996395215172216,0.00013013129750446604,0.18495637261502865,0.005198915507378757,0.997519903439019,6.141750965128894e-05,0.9946575627543781,0.0002937865401082834,119.2998095271452,3.3533834006842436,0.22697585170234652,0.00494037122449762,51.364102564102566,1.5196417754593956,0.9963406731881944,0.00042408818121129866,0.3200919773034263,0.04367820120135414,0.998509723782403,0.00010021154341978493,0.9979499335924794,0.00014676565048472835,206.4644293330132,28.173136238218323,0.3140406417380614,0.04216351864611494,36.96410256410256,7.672532225333198
lp-temporal,lanl14argus,lp_wl4_2e9_tiny,2e9_best,1,5/5,5,1.0,0.9960756190466846,0.0001012184266914372,0.20547726229150634,0.008967200322941835,0.9995154787374971,2.1503621770784897e-05,0.9993853843227735,3.0668461696186794e-05,132.53611058083715,5.783987193268465,0.1438486872718522,0.0016507400248479591,89.58632478632478,1.214402093636557,0.9959220957896143,0.00010954065649700941,0.29066549792761054,0.015573923497869686,0.999649758197136,1.482196715806543e-05,0.9995221152104788,2.3290746109295168e-05,187.48388092067896,10.045428987480127,0.2758995005830266,0.022597831690352475,41.01196581196581,4.512530423206775
lp-temporal,lanl14argus,lp_wl4_2e9_tiny,2e9_best,2,5/5,5,2.0,0.9950263592195576,0.00027734061985263184,0.1830615863385207,0.004672938118728196,0.9994442124886724,1.330171835818421e-05,0.9992852140423135,2.3088324195909684e-05,118.07764216580456,3.014119598121443,0.14684603088117204,0.001728066425876345,87.45299145299144,1.2089229217470407,0.9951605802783678,0.0001777892363394826,0.24710843299369628,0.012729698475814063,0.9996343901631702,1.451644077018994e-05,0.9995275176477202,2.4983561488823553e-05,159.38887950651716,8.21085849614684,0.18203535357234432,0.011210198512121987,68.89572649572649,5.2955753069742855
lp-temporal,lanl14argus,lp_wl4_2e9_tiny,2e9_best,3,5/5,5,2.2,0.9954737033955586,9.289616929780017e-05,0.17803364370209868,0.0027942323676592275,0.9994372404141536,1.74712588454541e-05,0.9992772844409187,2.0455288925326423e-05,114.83453899310629,1.8023244320982288,0.14292255225656486,0.001295266559873949,90.24273504273505,0.9522211443518508,0.9953785919083028,0.00011346008451811802,0.2128720128613887,0.008568571739302078,0.9996414395933128,2.297294027949559e-05,0.9995384346773795,2.9143931655444122e-05,137.30584261015161,5.526865400556391,0.1580799099998253,0.008376121243497393,81.09401709401709,4.6221918777135755
lp-temporal,lanl14argus,lp_wl4_2e9_tiny,2e9_best,4,5/5,5,1.8,0.9951081621243171,0.0001830387378195087,0.17246655148095963,0.003376790751548624,0.99943711410279,1.4519131420367572e-05,0.9992797222964844,2.1030166140000205e-05,111.24367574134735,2.1780838787927355,0.14141507545627197,0.0005538884449693329,91.33675213675214,0.4189394511327271,0.9948079181505578,0.00030201512922373034,0.2219477990446502,0.016632989697458203,0.9996739630161446,1.454037039457217e-05,0.9995754352582411,2.5191345957785463e-05,143.15986941476362,10.72854357337508,0.16734383702144756,0.01293989118742554,76.78632478632478,6.3277609082797195
lp-temporal,lanl14argus-cleants,lp_cr_tiny,cr,1,5/5,5,2.8,0.9879683679615228,0.0005031470311710164,0.01646239451096264,0.00046364903703674146,0.9994993977627817,1.0176792784809961e-05,0.9993086719155311,1.9521960193263236e-05,54.74958553210048,1.5419745039650816,0.02076828723161871,0.00030304167689627085,1447.366037735849,20.379169730824763,0.9867134615753838,0.0010248858408941468,0.016638577839192654,0.0007345255285643072,0.9995371779588241,1.3626193740747017e-05,0.9993460207750544,2.3050321681966652e-05,55.33552484924148,2.442838326153762,0.021020951444081316,0.00042867840717984685,1433.811320754717,31.472078184212414
lp-temporal,lanl14argus-cleants,lp_cr_tiny,cr,2,5/5,5,2.2,0.972247768504397,0.0023499104346561216,0.009558929005443004,0.0005304309037128659,0.9994254998718454,1.874044638976851e-05,0.9991701037914492,3.940537085989999e-05,31.79047864697145,1.7640733923827416,0.01410158046574741,0.0007779677624516491,2183.3358490566034,129.2560797583749,0.9708970463775408,0.004860355786055539,0.011201818060264239,0.001367299080676792,0.999483657580494,9.485604950747382e-06,0.9992908671333071,1.7887220607246284e-05,37.25429466515696,4.547276395036349,0.015725177763716038,0.0012532506612002905,1968.4830188679248,159.25288294482175
lp-temporal,lanl14argus-cleants,lp_cr_tiny,cr,4,5/5,5,2.6,0.9698996884618536,0.0018912242063596214,0.008853275365656424,0.0004842903689319955,0.9994306567583872,1.2212635587303997e-05,0.9992102587354396,2.8065084555094852e-05,29.443660613798574,1.6106221338917686,0.013262493094565586,0.0008686171142061686,2318.822641509434,141.77995495956924,0.9579297658440694,0.0062375852166967165,0.008791835709578205,0.001594988122549411,0.999491890614421,1.1924663563384778e-05,0.9993009391534157,3.215472497100324e-05,29.23932850990705,5.304510141586748,0.012117045027057733,0.0021073046345475117,2914.4754716981133,622.4319621774333
lp-temporal,lanl14argus-cleants,lp_cr_tiny,cr,8,5/5,5,2.2,0.978311698675966,0.0023000924724060914,0.011660681587576983,0.0009261432976629921,0.9994277680648256,1.0491368533289164e-05,0.9992176895773541,1.8415650604335315e-05,38.780353824985795,3.080108525926496,0.016627827444379642,0.0009157190880822694,1843.290566037736,109.58292425050013,0.9716705645413702,0.0050603900996803765,0.010556001307031269,0.0014453538499405018,0.9994834401267523,4.79797766580069e-06,0.9992914867387471,6.083023179539533e-06,35.10647834684154,4.806865986522938,0.014990429955191842,0.0014222687587572133,2088.8754716981134,174.09131970609454
lp-temporal,lanl14argus-cleants,lp_cr_tiny,cr,16,5/5,5,2.2,0.9760635941354086,0.0019678180968749235,0.01086519972386276,0.0008566821751733234,0.9994099843693066,1.0744208717306615e-05,0.9991696404316418,2.287757406615941e-05,36.134790792970364,2.8490991387822775,0.015562501339430702,0.0007642868220062301,1958.0075471698115,100.90688981907205,0.9739948724341521,0.003859326924647175,0.011542388449212494,0.0014887819501482932,0.9994756312783057,1.5191392695857397e-05,0.9992943989711556,2.3894558917155944e-05,38.386942022563346,4.951296402477297,0.01567464314817435,0.001542613081059722,2006.8830188679244,203.0848043308238
lp-temporal,lanl14argus-dirtyts,lp_cr_tiny,cr,1,5/5,5,1.2,0.9929145981797431,0.00018297113366854884,0.02788498956124792,0.0006607558025456692,0.9984501414263416,6.687270685190664e-05,0.9980016539381629,8.96636024080908e-05,92.73812628099863,2.197499659190853,0.026130010138088404,0.0005457639202827175,1144.0301886792454,24.157565129958538,0.9927259267214398,0.0005493877495593093,0.03363620798882374,0.002892202237295113,0.999145043582784,6.533241467242647e-05,0.9988800078751922,8.603809894967084e-05,111.86516305591445,9.618702410604657,0.02965627308112418,0.005305298797573518,1098.2037735849058,132.48413412804123
lp-temporal,lanl14argus-dirtyts,lp_cr_tiny,cr,2,5/5,5,1.8,0.979283195711478,0.0017020416630618887,0.01397850678030769,0.0006582623476843378,0.9987926339823849,0.00011803457398258939,0.9984269609436136,0.00011594479621821504,46.48882956060019,2.1892070854641124,0.012710329349942442,0.0018230609313463256,2643.5924528301884,469.57334435044015,0.9834986016563889,0.0031877294261367247,0.023495618961137853,0.003970926317006321,0.9993299961936091,2.8178996295279753e-05,0.9990915969317424,4.283445374708866e-05,78.14023646959956,13.206254405446964,0.020221704672334778,0.0020207025282755592,1556.3169811320756,173.3432056412141
lp-temporal,lanl14argus-dirtyts,lp_cr_tiny,cr,4,5/5,5,1.4,0.9785764353569467,0.001792061726881323,0.011055761182097796,0.0012668568891895282,0.9986242259496446,0.0001517897880510276,0.9982153853049542,0.00019315998923211605,36.76854798119795,4.213232137367663,0.008895936124410387,0.0013184062333901187,3694.067924528302,484.792767182898,0.9799509466032447,0.002743616997584216,0.017018713027211085,0.0015799477018580276,0.9992797543111276,1.38550267808071e-05,0.9990768327408286,2.4302262410601415e-05,56.59975430117917,5.254489666221921,0.017096645462521567,0.0017409141853065068,1859.7735849056603,218.74199109582352
lp-temporal,lanl14argus-dirtyts,lp_cr_tiny,cr,8,5/5,5,1.4,0.981580401382859,0.001852007992716446,0.014862433432390281,0.002206154012784741,0.9986968435248391,7.706724148989697e-05,0.9983563801182657,8.359674568254981e-05,49.428536649388036,7.337086821696017,0.011707730963935452,0.0023812353569420456,2921.0264150943394,414.38409329347195,0.9858077857323082,0.0027360148251681527,0.022437555099739485,0.0023706083338523604,0.999273713707303,5.249070812294519e-05,0.9990159272004696,5.950001154275675e-05,74.62139491593138,7.884018552157181,0.02181658915575755,0.002636377032732912,1447.698113207547,156.54843850752906
lp-temporal,lanl14argus-dirtyts,lp_cr_tiny,cr,16,5/5,5,1.2,0.9809698087530553,0.0019339402445353769,0.013548520359184666,0.0021885237704367486,0.9987303393136766,5.928468653881719e-05,0.9983497009515153,9.37322167929473e-05,45.05880804548949,7.278453282040515,0.011507737766163317,0.0019533575632631217,2913.6905660377356,422.7542178557715,0.97591660805771,0.003670836027960116,0.014435036063254858,0.0019786419359268262,0.9992883054548735,2.607405321695099e-05,0.9990918931291979,2.8589629269459714e-05,48.00712563885175,6.580441614145961,0.014825626502156764,0.0014954125325891483,2123.109433962264,214.1902142032837
lp-temporal,lanl14argus-dirtyts,lp_cr_tiny,cr,32,0/1,-,nan,nan,nan,nan,nan,nan,nan,nan,nan,nan,nan,nan,nan,nan,nan,nan,nan,nan,nan,nan,nan,nan,nan,nan,nan,nan,nan,nan,nan
lp-temporal,lanl14argus-dirtyts,lp_wl4_tiny,best,1,5/5,5,0.0,0.9903579329358438,0.0002618901043021003,0.022009354143869297,0.0007403529231512667,0.9991578679106319,1.8029065359634337e-05,0.9987895747874124,3.189470400722163e-05,nan,nan,nan,nan,nan,nan,0.9802606387897012,0.0,0.00906031728594828,0.0,0.9994092072435509,6.335858182942945e-06,0.9992635394022468,4.543090548407468e-06,nan,nan,nan,nan,nan,nan
lp-temporal,lanl14argus-dirtyts,lp_wl4_tiny,best,2,5/5,5,1.8,0.9898712516915312,0.0006935675455904165,0.036947907470514706,0.0018691931919824763,0.9986471246976985,7.3351898549867e-05,0.9980199206055304,0.00011386689098640694,nan,nan,nan,nan,nan,nan,0.9912029919078448,0.0006504364891565745,0.05482015333578073,0.01605116147090193,0.9990562384823818,1.9081159897949444e-05,0.9985497506104185,6.236976165337557e-05,nan,nan,nan,nan,nan,nan
lp-temporal,lanl14argus-dirtyts,lp_wl4_tiny,best,3,5/5,5,2.0,0.9890142425642106,0.0006865548254770219,0.04069805082551299,0.0005237387903345034,0.9987464364155272,5.7403613987260433e-05,0.9981715591778728,8.534179761092827e-05,nan,nan,nan,nan,nan,nan,0.9915189260395805,0.0006994338616896857,0.048929039216030354,0.014089038407484968,0.9991290738873463,2.6098883075588802e-05,0.9986914160325794,6.768088819836149e-05,nan,nan,nan,nan,nan,nan
lp-temporal,lanl14argus-dirtyts,lp_wl4_tiny,best,4,5/5,5,1.2,0.9892232279907065,0.00022074687793969923,0.03996195984896265,0.0010514270373785377,0.9985693464438183,3.473280110738156e-05,0.9978924964239088,4.833283091684875e-05,nan,nan,nan,nan,nan,nan,0.9896051754447157,0.0003922984007323811,0.04095868020279008,0.01819551523628831,0.9990591544205477,4.02371990488179e-05,0.9985932169733758,7.551384479365611e-05,nan,nan,nan,nan,nan,nan
lp-temporal,lanl14argus-dirtyts,lp_wl4_tiny,final,1,5/5,5,0.6,0.9904483868869951,0.0002812379012859642,0.02215351406283208,0.0007572594223738036,0.9991719808740284,1.880286492329565e-05,0.9988130015212674,3.389126060917502e-05,nan,nan,nan,nan,nan,nan,0.9846622893123762,0.0022103581951982065,0.01511357930102521,0.003491422396000303,0.9993925991230499,4.092299361996426e-06,0.9992115877849501,7.712460420008172e-06,nan,nan,nan,nan,nan,nan
lp-temporal,lanl14argus-dirtyts,lp_wl4_tiny,final,2,5/5,5,1.8,0.9899835020648172,0.0007149805532605814,0.03652512976806806,0.003227545923208037,0.9986642145036189,6.86498399165223e-05,0.9980493887086723,0.00010203551813859462,nan,nan,nan,nan,nan,nan,0.9912229292609936,0.0006901105230947887,0.054844612529559536,0.015383659238783487,0.9990654738506779,1.6334446554872564e-05,0.9985697382730905,5.520943846456442e-05,nan,nan,nan,nan,nan,nan
lp-temporal,lanl14argus-dirtyts,lp_wl4_tiny,final,3,5/5,5,2.0,0.9890995224029633,0.0008088481656976494,0.04117678521171698,0.0004883771913629571,0.9987571947675209,6.074244328042084e-05,0.9981926538803794,9.090714161210471e-05,nan,nan,nan,nan,nan,nan,0.9914775091262479,0.0007479512230102153,0.05053729258699276,0.015603727076458787,0.9991421321971199,2.720851903033659e-05,0.9987124007126557,7.23645606207488e-05,nan,nan,nan,nan,nan,nan
lp-temporal,lanl14argus-dirtyts,lp_wl4_tiny,final,4,5/5,5,1.2,0.9891903346950413,0.000315244790724922,0.04047077729101022,0.0009897177153028445,0.9985720395709832,2.8652554808412837e-05,0.9978992383213452,4.031776530249839e-05,nan,nan,nan,nan,nan,nan,0.9897150538755136,0.00035949734613399757,0.04340838027559217,0.019814932383160552,0.9990801107542095,4.221565107050475e-05,0.9986334742222305,7.792850434849227e-05,nan,nan,nan,nan,nan,nan
