,auc,ap,ap_lift,prec_r50,fp_day_r50,epoch,ap_snooped,epoch_snooped
0,0.9943997047010685,0.13472456603824298,773.4055519470381,0.16755521706016754,84.34726688102893,3.0,0.264546272002352,0.0
1,0.9953167329985162,0.14147129263144692,812.136096480182,0.1669195751138088,84.73311897106109,4.0,0.15686877608063163,0.0
2,0.9961252628630617,0.17301558563295355,993.2206013854279,0.1936619718309859,70.68810289389067,5.0,0.2059241321686389,4.0
3,0.994484595116033,0.10323876216788934,592.6568122262164,0.12134583563154992,122.93247588424437,4.0,0.13287610183902485,7.0
4,0.9981242031203451,0.2364633518304583,1357.4515362385305,0.23758099352051837,54.48231511254019,4.0,0.3700502968096056,0.0
5,0.9963884221098094,0.15412013763066912,884.7485920018901,0.15384615384615385,93.37620578778134,5.0,0.32226460283261116,0.0
6,0.9893504320582339,0.06752255506756706,387.62284048539544,0.08448540706605223,183.97427652733117,5.0,0.1345989992833007,2.0
7,0.9959856890679555,0.1568117045483885,900.1999150888039,0.13959390862944163,104.64308681672026,6.0,0.16055768987808475,7.0
8,0.9934972277805345,0.1269734208109137,728.9089992466006,0.14715719063545152,98.39228295819935,3.0,0.13907658865590694,2.0
9,0.9915457503611829,0.059072240733510833,339.11260798777096,0.07028753993610223,224.56591639871382,4.0,0.07298605068754926,1.0
mean,0.9945218020176743,0.13534136170920402,776.9463553087857,0.1482433793270232,112.21350482315111,4.3,0.19597495102377058,2.3
sem,0.0007290936260555439,0.014775147207997543,84.81883607074566,0.014057951237930149,15.099578084120218,0.2713602101199873,0.026959254643552172,0.7982936347439626
